{
  "accuracy": 0.7377049180327869,
  "roc_auc": 0.8235930735930737,
  "precision": 0.7428571428571429,
  "recall": 0.7878787878787878,
  "f1": 0.7647058823529411,
  "confusion_matrix": [
    [
      19,
      9
    ],
    [
      7,
      26
    ]
  ]
}